{
  "weights": {
    "Gryffindor": [
      -1.3672997625136587,
      -0.47391809365506926,
      -0.5820993747426313,
      -0.9811999853583692,
      0.6581647166384971,
      0.045974128105823305
    ],
    "Hufflepuff": [
      -0.8230977535560325,
      -0.9342951708221026,
      0.006702915116185352,
      1.2435738456283454,
      0.20150382572558964,
      -0.7993413155613205
    ],
    "Ravenclaw": [
      -1.0161687700156348,
      0.763058798802531,
      0.892194399381059,
      0.2782187923441737,
      0.2938848027487143,
      1.076771210876734
    ],
    "Slytherin": [
      -1.4113340979107398,
      0.7152654381412344,
      -0.20122500553150532,
      -0.39663615460556484,
      -1.1936479910283717,
      -0.261488418874784
    ]
  },
  "classes": [
    "Gryffindor",
    "Hufflepuff",
    "Ravenclaw",
    "Slytherin"
  ],
  "mean": [
    -0.39587140766008655,
    -243.3335507312925,
    1.1130480403485024,
    3.1557176870748322,
    -220.8277768022561
  ],
  "std": [
    5.228888588820639,
    8.778563354106534,
    5.233914276219273,
    4.173894172694995,
    486.7028940928254
  ],
  "is_fitted": true
}