{
  "weights": {
    "Gryffindor": [
      -2.6528847948259635,
      -0.18680329935734996,
      -0.3855456296611879,
      -1.4327750267927295,
      0.9933287400755195,
      0.13585934754942047,
      -0.29597643412577523,
      -2.0701923820557813,
      -0.44455738019085955
    ],
    "Hufflepuff": [
      -1.735481838915204,
      -2.167823219439148,
      -0.4222727691782131,
      2.0265619378114557,
      0.17968107361665564,
      -1.486252122173158,
      -0.06654552656954192,
      1.8789374561389873,
      -0.22583194697463435
    ],
    "Ravenclaw": [
      -2.1165048820869616,
      1.3160697564075179,
      1.3852508179745824,
      0.2710701039223711,
      0.5254626500918893,
      1.7240214662427729,
      0.3014832093198346,
      -0.28830460832982824,
      -0.003763024597255906
    ],
    "Slytherin": [
      -2.854271507092598,
      0.9518802394257858,
      -0.5989681013646638,
      -0.7283318606036352,
      -1.8631143872827072,
      -0.4768475564593005,
      0.11348350894191048,
      0.8084538290138704,
      0.7081802590135571
    ]
  },
  "classes": [
    "Gryffindor",
    "Hufflepuff",
    "Ravenclaw",
    "Slytherin"
  ],
  "mean": [
    -0.4835823585944254,
    -243.39903317604342,
    1.2102168074877022,
    3.1515281306715046,
    -225.5693664119071,
    49367.02631578947,
    1030.179691317333,
    5.9581474549840125
  ],
  "std": [
    5.174990594336888,
    8.766953229970035,
    5.195119937924182,
    4.158959651735821,
    485.1248724564947,
    16801.89747632505,
    44.15920684073442,
    3.102359153838148
  ],
  "is_fitted": true
}