{
  "weights": {
    "Gryffindor": [
      -2.6248226224834084,
      -0.1671002530721224,
      -0.3341065428633295,
      -1.3485632722664274,
      1.0414535659578423,
      0.12347074016909286,
      -0.2124371429730887,
      -2.0676801121708874,
      -0.4359227908288915
    ],
    "Hufflepuff": [
      -1.69858587632006,
      -2.1165514290731413,
      -0.40800907633433275,
      2.0228211041049047,
      0.17883426959732712,
      -1.463860245802756,
      -0.03890982912044902,
      1.9029997691191167,
      -0.30593280509224413
    ],
    "Ravenclaw": [
      -2.124518439231579,
      1.1965768798564211,
      1.2934274338452942,
      0.22189342101304269,
      0.4834448420778064,
      1.6831024352636388,
      0.25880192052928125,
      -0.259983661879704,
      0.11828614383379804
    ],
    "Slytherin": [
      -2.889722606619382,
      0.9739544492470842,
      -0.5772124687491259,
      -0.7539962041847138,
      -1.830982358600139,
      -0.45962451453299574,
      0.020891546821601485,
      0.7380495261998856,
      0.686354929028863
    ]
  },
  "classes": [
    "Gryffindor",
    "Hufflepuff",
    "Ravenclaw",
    "Slytherin"
  ],
  "mean": [
    -0.42685771734168565,
    -243.31943771324862,
    1.2397856036189825,
    3.1733212341197805,
    -225.47840998609334,
    49679.882032667876,
    1030.6906521177768,
    5.936268733951671
  ],
  "std": [
    5.196627136449369,
    8.727026041466244,
    5.155279455874757,
    4.161265436711676,
    488.06906124692324,
    16746.675418208226,
    43.679588916372616,
    3.0957411420797882
  ],
  "is_fitted": true
}