{
  "weights": {
    "Gryffindor": [
      -1.3748067589482467,
      -0.482154017879818,
      -0.5947345657035169,
      -0.9989894749923282,
      0.6711578963344033,
      0.027754752203704307
    ],
    "Hufflepuff": [
      -0.8215046622797528,
      -0.941356455121407,
      -0.0006743288638951072,
      1.260726050151863,
      0.1714838341611093,
      -0.7849375381649335
    ],
    "Ravenclaw": [
      -1.0068983555917481,
      0.778078919531483,
      0.9037296853132498,
      0.2797094376728756,
      0.29142311209050525,
      1.0777681174165026
    ],
    "Slytherin": [
      -1.4117362883694053,
      0.711814529473675,
      -0.19433762729302975,
      -0.395032501591819,
      -1.1741266424663468,
      -0.26149344893251614
    ]
  },
  "classes": [
    "Gryffindor",
    "Hufflepuff",
    "Ravenclaw",
    "Slytherin"
  ],
  "mean": [
    -0.465784464801078,
    -243.44096801020385,
    1.1283475017549034,
    3.145374999999997,
    -225.26679787218507
  ],
  "std": [
    5.244564047959414,
    8.732080360779813,
    5.232670243109508,
    4.168130815893885,
    485.1958928026276
  ],
  "is_fitted": true
}