{
  "weights": {
    "Gryffindor": [
      -1.3715739824676512,
      -0.48032216864829175,
      -0.5800202956555941,
      -0.9956683147715542,
      0.6699594103016807,
      0.03661020097446916
    ],
    "Hufflepuff": [
      -0.8167841248072133,
      -0.9362118355561313,
      -0.006053024670952374,
      1.264642752732972,
      0.1726939259553229,
      -0.7916928752940195
    ],
    "Ravenclaw": [
      -1.0169568613908073,
      0.768437722192582,
      0.8958516590137249,
      0.2817872648573006,
      0.2887009909270237,
      1.0680629904140095
    ],
    "Slytherin": [
      -1.4081322427105665,
      0.7217606669233059,
      -0.19628367976872424,
      -0.40644808796938864,
      -1.1767610227947332,
      -0.25414189566443035
    ]
  },
  "classes": [
    "Gryffindor",
    "Hufflepuff",
    "Ravenclaw",
    "Slytherin"
  ],
  "mean": [
    -0.38319842670343046,
    -243.33707561224494,
    1.165882529757506,
    3.0995799319727904,
    -219.0759794238953
  ],
  "std": [
    5.221498156239018,
    8.756506641196331,
    5.208846830434687,
    4.151016665675027,
    485.446854340488
  ],
  "is_fitted": true
}