{
  "weights": {
    "Gryffindor": [
      -2.606910834527512,
      -0.11882750485559691,
      -0.3178147247161018,
      -1.356044442653949,
      0.9903605090365257,
      0.20157965074149717,
      -0.3180720248503428,
      -2.1338053440796743,
      -0.4258285981217831
    ],
    "Hufflepuff": [
      -1.6625341123942865,
      -2.123592809902455,
      -0.4302266817141658,
      1.9895803568907455,
      0.20909949430369104,
      -1.5079012756712067,
      0.021198613445985077,
      1.9796654455546878,
      -0.29716996438962584
    ],
    "Ravenclaw": [
      -2.1336670846204715,
      1.1967147114115675,
      1.3033511741832617,
      0.3087558992276879,
      0.42537580416092347,
      1.6908348179916235,
      0.27057646978170774,
      -0.32351253349235537,
      0.1435903466920452
    ],
    "Slytherin": [
      -2.9269856991662,
      0.9572560984457874,
      -0.5786097628370502,
      -0.8139655912787688,
      -1.751309771929552,
      -0.4945124479167613,
      0.014632201358629644,
      0.8180519597162182,
      0.6568517229701712
    ]
  },
  "classes": [
    "Gryffindor",
    "Hufflepuff",
    "Ravenclaw",
    "Slytherin"
  ],
  "mean": [
    -0.4311565842349148,
    -243.3261405535389,
    1.141469201323139,
    3.1936715063520844,
    -225.73885767880788,
    49161.50362976406,
    1030.422543160341,
    5.998169841784319
  ],
  "std": [
    5.214205059898082,
    8.728965145934632,
    5.236664433257293,
    4.133551286380113,
    483.3377902928623,
    16695.358485968754,
    43.896031997387844,
    3.1192799177486283
  ],
  "is_fitted": true
}