{
  "weights": {
    "Gryffindor": [
      -2.0344576474522613,
      -0.6352389418554686,
      -0.8425266725149686,
      -1.599820154471925,
      1.115748759978927,
      0.2468682680308208
    ],
    "Hufflepuff": [
      -1.27871498759925,
      -1.279405329205321,
      0.06797256457724903,
      2.002280455339868,
      0.07056135925500552,
      -1.2410876039731409
    ],
    "Ravenclaw": [
      -1.535647879027557,
      0.9861431406416238,
      1.0942695923899002,
      0.26579394131154,
      0.3933236782497309,
      1.3969240264007257
    ],
    "Slytherin": [
      -2.082836366577545,
      0.9715380135471082,
      -0.1993550736840277,
      -0.42613733756471983,
      -1.6395871179360328,
      -0.38023708328038647
    ]
  },
  "classes": [
    "Gryffindor",
    "Hufflepuff",
    "Ravenclaw",
    "Slytherin"
  ],
  "mean": [
    -0.36676119280738523,
    -243.3608712585031,
    1.1044857406916755,
    3.1407755102040804,
    -226.7692163477343
  ],
  "std": [
    5.2108744514828125,
    8.807312751664934,
    5.24140288728502,
    4.161159029899558,
    487.7864164252604
  ],
  "is_fitted": true
}